{
    "Name": "Network",
    "DisplayName": "Network",
    "Description": "Allow you to display your association in a Network",
    "JavaScriptClassName": "cwLayoutNetwork",
    "Options": [
    {
        "Id": "multiLineCount",
        "DisplayName": "MultiLines Count",
        "Description": "Indicates the number of caracter you need to have a carriage return. Put 0 if you never want to have carriage return",
        "Type": 0
    },
    {
        "Id": "hidden-nodes",
        "DisplayName": "Hidden Nodes",
        "Description": "Use comma as splitter character",
        "Type": 0
    },
    {
        "Id": "popOutList",
        "DisplayName": "PopOut List",
        "Description": "list the scriptname of the objectType and the popOut",
        "Type": 0
    },
    {
        "Id": "specificGroup",
        "DisplayName": "Specific Group List",
        "Description": "list the nodeIDs and the assignGroup",
        "Type": 0
    },
    {
        "Id": "groupToSelectOnStart",
        "DisplayName": "Group To Select On Start",
        "Description": "List the groups you want to display when the network is started. Use comma separator",
        "Type": 0
    },
    {
        "Id": "iconGroup",
        "DisplayName": "Assign Icon to Group",
        "Description": "Use NameGroup,FontAwesomeUnicode,color||NameGroup2,FontAwesomeUnicode2,color2. For exemple, Organisation,f1ad,#f0a30a",
        "Type": 0
    },
        {
        "Id": "arrowDirection",
        "DisplayName": "Arrow Direction",
        "Description": "Select the direction of each node. For exemple, processus_niveau_2_20006_883051288,'to'#processus_niveau_2_20005_1079817132,'from'. Use to, if you want the arrow that arrive to this node. Use from, if you want the arrow to leave from this node.",
        "Type": 0
    },
    {
        "Id": "filterNode",
        "DisplayName": "Filter Association",
        "Description": "Select Nodes that would be use to filter Node. nodeID:FilterName#nodeID2:FilterName2",
        "Type": 0
    },
    {
        "Id": "filterNodeBehaviour",
        "DisplayName": "Filter Association Behaviour",
        "Description": "FilterName:Behaviour",
        "Type": 0
    },
    {
        "Id": "complementaryNode",
        "DisplayName": "Complementary Node",
        "Description": "Select Nodes you want to add that are not under your layout network (see documentation for exemple)",
        "Type": 0
    },
    {
        "Id": "clusterOn",
        "DisplayName": "Activate Cluster",
        "Description": "Check to Activate the cluster",
        "Type": 1
    },
    {
        "Id": "clusterToSelectOnStart",
        "DisplayName": "Cluster To Select On Start",
        "Description": "List the Cluster you want to apply when the network is started. Head#Child,Child2",
        "Type": 0
    },
    {
        "Id": "externalFilterToSelectOnStart",
        "DisplayName": "External Filter To Select On Start",
        "Description": "filterName:IdOfItem",
        "Type": 0
    },
    {
        "Id": "zipEdgeOption",
        "DisplayName": "Activate UnzipEdge Option",
        "Description": "Activate the button to unzip edge",
        "Type": 1
    },  
    {
        "Id": "zipEdgeInitState",
        "DisplayName": "Edge Zip at Start",
        "Description": "Activate this button to zip the edge at start",
        "Type": 1
    },
    {
        "Id": "physicsOn",
        "DisplayName": "Physics Button",
        "Description": "Activate button to disable the physics",
        "Type": 1
    },
    {
        "Id": "removeLonelyOn",
        "DisplayName": "Remove Lonely Objects",
        "Description": "Activate the option to remove lonely object",
        "Type": 1
    }
    ]
}