{
    "Name": "Network",
    "DisplayName": "Network",
    "Description": "Allow you to display your association in a Network",
    "JavaScriptClassName": "cwLayoutNetwork",
    "Options": [
    {
        "Id": "multiLineCount",
        "DisplayName": "MultiLines Count",
        "Description": "Indicates the number of caracter you need to have a carriage return. Put 0 if you never want to have carriage return",
        "Type": 0
    },
    {
        "Id": "hidden-nodes",
        "DisplayName": "Hidden Nodes",
        "Description": "Use comma as splitter character",
        "Type": 0
    },
    {
        "Id": "popOutList",
        "DisplayName": "PopOut List",
        "Description": "list the scriptname of the objectType and the popOut",
        "Type": 0
    },
    {
        "Id": "specificGroup",
        "DisplayName": "Specific Group List",
        "Description": "list the nodeIDs and the assignGroup",
        "Type": 0
    },
    {
        "Id": "groupToSelectOnStart",
        "DisplayName": "Group To Select On Start",
        "Description": "List the groups you want to display when the network is started. Use comma separator",
        "Type": 0
    },
    {
        "Id": "iconGroup",
        "DisplayName": "Assign Icon to Group",
        "Description": "Use NameGroup,FontAwesomeUnicode,color||NameGroup2,FontAwesomeUnicode2,color2. For exemple, Organisation,f1ad,#f0a30a",
        "Type": 0
    },
        {
        "Id": "arrowDirection",
        "DisplayName": "Arrow Direction",
        "Description": "Select the direction of each node. For exemple, processus_niveau_2_20006_883051288,'to'#processus_niveau_2_20005_1079817132,'from'. Use to, if you want the arrow that arrive to this node. Use from, if you want the arrow to leave from this node.",
        "Type": 0
    },
    {
        "Id": "filterNode",
        "DisplayName": "Filter Association",
        "Description": "Select Nodes that would be use to filter Node. Use comma separator",
        "Type": 0
    }]
}